attributes.kairos.metadata.user_task_id,attributes.kairos.metadata.injection_task_id,attributes.kairos.metadata.memory_scope,attributes.memory.winning_turns_total_before,attributes.memory.verdicts_harvested_this_call,attributes.memory.winning_turns_total_after,attributes.synthesis.finding_memory_count,attributes.synthesis.finding_memory_summary,attributes.synthesis.payload_first_200,start_time
,,,,,,,,,2026-05-12 15:56:25.926044+00:00
,,,,,,,,,2026-05-12 15:56:44.249791+00:00
,,,,,,,,,2026-05-12 15:56:56.554164+00:00
,,,,,,,,,2026-05-12 16:00:21.763160+00:00
,,,,,,,,,2026-05-12 16:00:51.012870+00:00
,,,,,,,,,2026-05-12 16:01:00.611191+00:00
,,,,,,,,,2026-05-12 16:01:09.860359+00:00
,,,,,,,,,2026-05-12 16:01:23.734971+00:00
,,,,,,,,,2026-05-12 16:01:28.852062+00:00
,,,,,,,,,2026-05-12 16:01:41.537115+00:00
,,,,,,,,,2026-05-12 16:02:01.324079+00:00
,,,,,,,,,2026-05-12 16:02:06.573181+00:00
,,,,,,,,,2026-05-12 16:02:23.409098+00:00
,,,,,,,,,2026-05-12 16:02:28.518475+00:00
,,,,,,,,,2026-05-12 16:02:43.963211+00:00
,,,,,,,,,2026-05-12 16:02:59.563514+00:00
,,,,,,,,,2026-05-12 16:03:08.230402+00:00
,,,,,,,,,2026-05-12 16:03:16.461976+00:00
,,,,,,,,,2026-05-12 16:03:32.391025+00:00
,,,,,,,,,2026-05-12 16:03:44.685004+00:00
,,,,,,,,,2026-05-12 16:03:56.149293+00:00
,,,,,,,,,2026-05-12 16:04:05.611057+00:00
,,,,,,,,,2026-05-12 16:04:14.213180+00:00
,,,,,,,,,2026-05-12 16:04:24.222571+00:00
,,,,,,,,,2026-05-12 16:04:42.367016+00:00
,,,,,,,,,2026-05-12 16:04:52.922793+00:00
,,,,,,,,,2026-05-12 16:05:10.723949+00:00
,,,,,,,,,2026-05-12 16:05:21.907337+00:00
,,,,,,,,,2026-05-12 16:05:39.027117+00:00
,,,,,,,,,2026-05-12 16:05:54.076045+00:00
,,,,,,,,,2026-05-12 16:06:01.228378+00:00
,,,,,,,,,2026-05-12 16:06:15.495729+00:00
,,,,,,,,,2026-05-12 16:06:33.631232+00:00
